{"cameraMode":{"drawMode":0,"name":"Shaded","section":"Shading Mode"},"sceneLighting":true,"audioPlay":false,"sceneViewState":{"showFog":true,"showMaterialUpdate":false,"showSkybox":true,"showFlares":true,"showImageEffects":true,"showParticleSystems":true},"in2DMode":false,"pivot":{"x":18.780414581298829,"y":13.980866432189942,"z":7.796543598175049},"rotation":{"x":-0.2406907081604004,"y":0.709362268447876,"z":-0.28564220666885378,"w":-0.5977305173873901},"size":1.4587461948394776,"orthographic":false}